o_vert_lat,o_vert_lon,d_vert_lat,d_vert_lon,origin_vertiport_id,destination_vertiport_id
33.9477885,-118.3740864,34.0432026194935,-118.269570236428,LAX,DTLA
34.0432026194935,-118.269570236428,33.9477885,-118.3740864,DTLA,LAX
